LATITUDE,LONGITUDE,CLIENT_LIST,CLIENT_WEIGHT,OWN
4.64,-74.07,19127;17225;6585;6729;7649;21905;18892;7834;20504;7698;6722;3678;16626;10704;7557;13943;16620;18994;6522;18809;1654;15375;5728;7396;4993;6719;14877;3440;13181;13191;17125;10069;3689;10745;4612;16720;19494;17020;986,39,0
4.52,-74.09,14808;5915;5270;10479;7697;1620;20344;15248;728;15378;5277;5339;11890;15400;10480;11930;3480,17,0
4.74,-74.03,4463;8530;15329;11423;6590;4434;4437;6124;6604;8799;515;686;13924;10171;10665;11866;4054;16742;8529;8768;8767;6332;4471;18670;7524;14231;21405;1624;6111;20094;19385;14637;3111;5395;11424;10172;12425,37,0
4.55,-74.16,151;13289;7846;6388;189;13141;729;20559;11323;1032;12108;5664;8097;4845;152;21227;5675;15439;67;6549;5654;425;149;582;968;11824,26,0
4.63,-74.19,4649;382;8363;1726;12870;4765;4904;8364;4903;13121;6865;16385;16544;13567;1655;7209;4820;3795;21604;4713;16382;14401;3903;20749;15995;246;8973;8648;5027;15405;231;1598;654;4647;15750;10522;13173;10521;11156;10844;4902;3060;4482;18782;20286,45,0
4.63,-74.11,13404;6631;9628;7646;10618;865;22172;12883;17571;6740;13424;18812;6271;13120;13941;12871;11325,17,0
4.54,-74.09,14781;3148;9314;3465;14873;3464;6185;12239;8460;6181;5883;15308;8459;7516;7525;12526;4012,17,0
5.03,-74,18897;20762;19968;20223;19961;999;1367;17841;18834;19555;20934;15069;19902;981;1312;18986;19560;19038;18965;1405;18869;20252;20005;18899;17868;19919;1628;1421;2152;18997;1408;3895;15018;19784;19481;18955,36,0
4.96,-73.91,19368;20452,2,0
4.54,-74.16,6967;7014;1360;10530;12881;12887;10529;19751;9298;18817;55;142,12,0
4.69,-74.15,14314;2167;2156;2159;2148;2184;2153;4645;18032;13608;5292;1935;4642;6823;1282;5106;2142,17,0
4.58,-74.21,143;5794;245;8023;8031;8635;268;12052;565;15135;6033;15399;15674;8543;396;6238;434;18684;10683;15594;807;5916;5177;12481;8030;4844;5279;427;2104;7038;1849;7765;586;167;144;7702;15679;20425;7083;6591;5969;57;302;102;381;8022;193;1867;18104;723;1401;69,52,0
4.7,-74.1,5822;7602;7668;5895;7658;5802;2032;5600;1052;760;6105;12692;5568;2409;5944;5608;6486;7695;7648;11708;13622;14758;10689;43;5622,25,0
4.7,-74.11,2912;4605;9839;7708;12520;13512;10908;2016;6031;17641;19473;3793;8739;14901;5991;3739;14353;15068;1243;21794,20,0
4.67,-74.1,6422;14889;13319;13788;6842;1108;15121;22279;6166;6155;3914;15112;14429,13,0
4.96,-74.43,21170;20859;20929;21152,4,0
4.87,-74.14,21138;16807;19488;21753;19542;22156,6,0
5.21,-74.74,13454,1,0
4.73,-74.22,2949;19062;3582;15041;3163;3478,6,0
4.67,-74.13,5424;13799;5234;20830;5411;5231;10730,7,0
4.75,-74.14,11992;7060,2,0
4.73,-74.05,19738;562;6239;17801;11300;5075;21708;14779;5425;5266;14785;6626;12471;5257;16114;11123;1755,17,0
4.73,-74.06,20840;8068;1158;12386;10003,5,0
4.62,-74.09,22258;7822;13765;20490;9901;13934;15006;20542;1381;5400,10,0
4.97,-73.91,1169;2450,2,0
5.16,-73.8,13821,1,0
4.79,-74.21,19125,1,0
4.69,-74.05,16480;19232;19796;21341;19193;15960;9309;14605;16195;20463;18418;1495;14608;15757;16424;22304;17984;14133;19788;19728;9675;5482;6561;944;19787;18694;19975;20442;20509;18663;15525;20488;22288;8563;6551;14952;16120;18383;6900;21669;20482;19351;6813;16425;15658,45,0
4.7,-74.14,17998,1,0
4.55,-74.14,19708;8659;529;13704;14282;8422;5421;15180;133;13314;4719;10259;8131;8150;22174;22267;22274;508;4720;5175;8149;5272;1652;350;22048;5249;12956;5477;14741;14056;2327;5065;1041;2802;16743,35,0
4.54,-74.15,182;8201;7542;16163;9821;9554;5267;19661;10157;1479;1308;7988;484;4793,14,0
4.56,-74.12,465;1724;3491;4689;11334;7247;18363;3512;19508;9573;19721;6420;21861;15304;2271;3898;232;12842;11942;11903;3489;3492;4667,23,0
4.68,-74.07,13428;9299;13418;18239;1599;21667;16411;546;2077;1127;19445,11,0
4.72,-74.14,12989;19743;3282;12175;3071;3286;20127;17072;8667;3293;21047;2776,12,0
4.6,-74.17,14192;13070;1958;7564;13711;10684,6,0
4.66,-74.11,5328;21494;21855;21439;8495;19868;10495;17970;21163;18359;14497,11,0
4.58,-74.17,11240;14863;4202;2375;5176;14136;222;1061;3225;15209,10,0
4.63,-74.08,8623;9962;7326;5761;7605;17830;18723;17643;7249;7599;5784,11,0
4.61,-74.08,14279;237;3482;3487;7133;7280;10659;4377;20199;6233;6469;6916;7284;17259;20505;8369;7261;14499;15607;10191;20522;20526;10551;5799;13584,25,0
4.59,-74.15,19793;361;11414;11044;136;11146;5115;19792;13330;13192;15955;11112;7279,13,0
4.73,-74.26,4064;16337;22170;624;15034;4037;21143;21140;20351;21639,10,0
4.63,-74.12,6594;9646;6599;1064;6871;7671;19719;9623;292;904,10,0
4.53,-74.17,9297;2414;2621;11212;2624;12650;2421,7,0
4.56,-74.22,12748;5302;19035,3,0
4.7,-74.02,18287,1,0
4.98,-73.88,4148,1,0
4.58,-74.1,2546;5938;210;19181;18253;5490;8180;2385;7811;10051;6200;1259;3838;184;775;5912;10199;19707;10840;1219;56;10192;681;9354;17507;12869;5948;10200,28,0
4.66,-74.12,21987;13768;13782;11581;5782;14423;18390;15514,8,0
5.01,-73.99,19912,1,0
4.79,-74.22,18867,1,0
4.66,-74.16,19107,1,0
4.76,-74.16,17455,1,0
7.06,-73.08,11974,1,0
4.88,-74.04,3142;19807,2,0
4.89,-74.04,3764,1,0
4.74,-74.06,9491;18539;7338;9492;4399;3868;9837;9478;6470;15896;9525;17412;16546;730;5531;13254;20538,17,0
4.76,-74.02,14297;6726;4492;3315;5899;1447;26;994;2682;2827,10,0
4.69,-74.09,18510;1672;9067;5481;9787;5470;13897;15513;2693;4352;4579;19090;20207;14612;20786;12733,16,0
4.6,-74.08,18644;11270;2162;7579;7301;19120;22295;4792;7300;6785;7203;1003;6456;7212;4250;21740;12534;543;7576;6702;10993;20746;5093;19353;17110;7135;8599;2620;6890;14332;20420;21822;5808;2677;4042;1406;3905;12267;8600;2211;20312;13953;7494;833;21685;6164;960;18380,48,0
4.63,-74.2,9744;5074;13789;6858;16333;5365;11331;444;4801;5179;6445;13351;15878;1861;61;3053;5679;19780;17834;19842;5941;4663;1619;19601;2004;8009;13147;5160;13337;9493;8008;5577;7329;7843;5306;18578;4660;7842;213;17044,40,0
4.56,-74.1,8141;15391;6095;5573;6350;15161;5469;6177;5455;6016;13032;7173;5587;14349;15203;14661;20687;5965;14827;5584;15160;15402;6367;13159;15136;5676;4231;19243;15050,29,0
4.69,-74.11,9426;9420;1146;12508;5880;9425;11051;1228;12744;14049;9419;13098;2388;10056;530;14344;14355;10575;938;16194,20,0
4.67,-74.08,7222;19976;20680;22308;11348;12360;20873;6934;7128;2066;4943;7132;6937;6942;2071;12214;11390;15545;13616;1445;8807,21,0
4.92,-74.03,21333;17940;17655;19364;20321;14635;700;1608;21032;20308;17933;17955;1517;19996,14,0
4.73,-74.11,2787;13308;2784;14128;1375;13025;5024;18957,8,0
5.04,-74,18903;1276;1028;1045;1491,5,0
4.56,-74.11,8734;9620;4454;13311;5157;2965;5150;12515;13286;635;4272;12292;192;4187;3656;21332;9574;10021;4671;3542;4192,21,0
4.58,-74.14,4075;7855;7874;17391;3931;7953;4071;12230;3481;5823;4067;3937;13519;7845;5816;7872;7854;4073;4487;14061;10729;15925,22,0
4.74,-74.26,15046;21162;18394,3,0
4.68,-74.12,19605;11227,2,0
4.73,-74.08,2890,1,0
4.77,-74.04,5764;5737;19289;5080;6762;17535,6,0
4.6,-74.22,16584;14164,2,0
4.5,-74.11,19924;2157;10271;7615;6234;9905;5665;5620;1573;1632;11883;1460;547;11521;5667;8433;5943;6749;8434;1841;3752;1486;5352;5144;7601;4812;11894;11798;6338,29,0
4.65,-74.13,5322;18026;6064;12737,4,0
4.57,-74.11,5042;7972;13288;6824;13665;5026;21956,7,0
4.62,-74.08,7251;9971;7427;6558;2331;7949;19811;3436;11778;9565;7248;7470;6500;7477;7255;9949;20501;5778;21207;5762;15295;3471;20524;13912,24,0
4.65,-74.11,7645;5077;4557;19504,4,0
5.02,-74.01,1132;1338,2,0
5.61,-73.82,810,1,0
4.54,-74.11,5919;16158;8572;6150;9265;5908;14320;6395;16190;6170;5907;6731;13105;6145;6393;22050;16174;592;11437;12686;6154;6611;15198,23,0
4.74,-74.08,8159;17968;7889;19200;8163;13577;2491;6344;13736;14076;4337,11,0
4.69,-74.07,16499;17100;13779;13742;16491;15924;523;20877;19549;13713;15486;19716;7004;15499;1756,15,0
4.81,-74.1,3202;2349;20235;761;16257;17836;16383;2341;16582;16580;20222;1902;3650;2344;12231;20550,16,0
4.69,-74.14,21426;5576;18564;13552;16356;5574;5141,7,0
4.75,-74.13,3787,1,0
4.6,-74.11,920;7922;14862;97;948;11950;5287;7499;6152;7483;10151;31;7712;14744;14736,15,0
4.71,-74.09,17951;3997;9922;15188;14078;13290,6,0
4.63,-74.21,15358,1,0
3.68,-76.3,6294,1,0
4.59,-74.23,3157;461,2,0
3.47,-76.53,6337,1,0
3.38,-76.53,7224,1,0
4.54,-74.1,14622,1,0
4.76,-74.03,17070;7375;6252;2952;4539;5273;4526;4324;20487;4406;6768;6651;4062;2458;21051;14359;664;16980;16229;4583;7323;5995;7387;6440;16130;5967;1887;10508;20966;19411;11040,31,0
4.74,-74.1,15979;7459;13315;15390;6932;2904;8056;4462;15450;16459;13280;2801;11755;20885;666;11981;17026;10389;10376;16754;5702;4299;3632;3517;759;20645;13003;5814;13816;9429;5963;4346;16162;21462;5769;16438;16436;6939;5788;6949;17045;11178;10390;10400;512;5330;21503;9927;5301;10045;10375;14514;17133,53,0
4.61,-74.1,5509;17101;7497;8133;6622;5544;20516;14437;4270;14424;16954;15244;5590;14422;19859;17363;8134;8573;6478;1625;6717;12136;15212;10733;928;5867,26,0
4.62,-74.19,16442;7177;6041;204;336;5836;15983;16830;13644;13669;16450;4749;1714;3321;2953;18368;17131;843;11617;205;424;82;1462;4999;21280;15265;14102;13447;4674;13258;13099;13297;260;4985;15498;19075;16313;6621;259;1875;16318;2946;8974;6443;4611;10980;4024;8284;21720;12465;10621;27;535;11926;418;11286;20460;22266;11514;13257;10622,61,0
4.81,-74.35,18433;15700;8397;20573;20417;20755;20441;15684;20230;12760;20612;21024;13956;18450;21041;19992;15686;20866;20785;20557;20555;20736;16962,23,0
4.64,-74.14,15527;6123;5997;6667;17660;14237;2772;8992;10183;10984;10289;11877;10290;10978;6671;11350;5203;20909;6090;21582,20,0
4.58,-74.24,6659;309;96;1847;6632;8105;2823;10001;2112;44;104;11835;460;113;177;409;180;176;11307;13166,20,0
4.56,-74.16,18513;15327;18123,3,0
4.7,-74.17,11490;8561;8064;2119;13623;8065;12932;2114,8,0
4.57,-74.25,20156,1,0
4.6,-74.1,4476;14507;14172;280;14340;2232;13238;2639;13997;20280;14531;14534;14185;6598;17211;7975;8831;14357,18,0
4.59,-74.08,6340;14597;12979;9328;9327;6780;21893;6391;6608;6588,10,0
4.71,-74.05,7897;3462;667;4603;7436;13764;22183;21254;14057;13746;825,11,0
4.85,-74.06,20244;1830;1232;19296;19466;3715;17553;15647;22268,9,0
4.81,-74.36,21214;22093;18466;20593;18462;15702;2227;18452,8,0
4.73,-74.25,18100;14978;15071;15054,4,0
4.57,-74.19,16621;15494;53;8137;190;1638,6,0
3.45,-76.53,3694,1,0
1.22,-77.29,724,1,0
4.91,-74.03,20299,1,0
4.99,-74.03,1425,1,0
4.74,-74.13,16123;15872;8841;15689;1596;6550;2441;17622;2704;21852;15697;6497;4368;18784;19356;16069;2425;2430;5418;16360;15867;17614;2408;4804;19896;17545;2402;14458;20827,29,0
4.69,-74.08,1197;16763;15910;17948;13727;13772;1720;5299,8,0
4.99,-74.34,17631;17610;18580,3,0
4.94,-74.31,19479,1,0
3.98,-73.76,13748,1,0
6.12,-75.62,1004,1,0
4.47,-74.15,556,1,0
4.74,-74.11,7171;13018;5004;2607;14291;3902;15664;2717;2761;3888;1142;10440;10159;1919;2809;17522;2678;10439;16596;15008;21606;13014;2728;18006;4489;3683;16441;2804;6274;3076;2724;3670;13176;1577;13185;12743;12780,37,0
4.57,-74.12,18521;6844;2599;12921;5018;16009;15424;277;15191;15196;11616;14999;3808;4072;21709;13296;7478;15569;15310;18524;13304;15506;7053;5023;16443;209;19756;11262;11783;3826,30,0
4.72,-74.05,14826;6172;9719;6615;14932;7444;16985;11145;14972;18130;13284;16180;14983;6361;18096;14727;5327;7733;534;1380;4598;18669;9831;20331;18874;17254;7741;3794;868;2089;802;15003;20603;21027;9755,35,0
4.71,-74.12,18037;4023;5786;258;2736;2775;7515;4614;17755;18499;2282;7578;3135;4707;21;15107;22273;18536;19535;13573;13601;2781;21764;10679;7519;3599;11675;13302;12511;2008;3840;13874,32,0
4.53,-74.11,19322;13710;7691;12542;16331;15491;682,7,0
4.75,-74.06,17705;9513;9477;13771;13353;15908;13762;14706;14640;13962;14141;8802;9466;9465;14324;8225;9495;17053;11299,19,0
4.59,-74.17,15497;16250;15620;9579;1506;416;13207;10643;14984;9490;1675;12939;13930;21802;12937;413;533;12933;5716;14811;9489;9503;9567;10154;198;14991;118;489;20925;10567;10791,31,0
4.55,-74.17,2434;11884;9;15005;15599;15565;11425,7,0
4.65,-74.06,7369;2285;7653;9008;7611;9007;9587;7383;860;14195;15043;778;22159;4755;7376;5394;20595;6854;19349;5975;7836;9274;6301;7976;5354;7641;21992;7029;18422;4960;7639;21817;16210;4704;5108;15639;7914;10485;16615;10458;15913;20831;16922;14001;15635;15553;5242;240;6783;19391,50,0
4.57,-74.08,13755;19203;1261;8373;13757;2659;19567;18719;348;9206;12024;5298;6487;6499;5294;10161;12177,17,0
4.76,-74.12,7378;16734;17875;2623,4,0
4.69,-74.04,17104;6817;21482;20228;14083;678;16918;3637;20243;17471;20305,11,0
4.61,-74.17,16831;414;13199;2679;16143;13393;20575;9467;4108;12627;603;15194;12128;161;14968;9443;6682;70;9439;5532;17701;20248;14327;16495;9440;963;171;9177;279;12770;4205;15217;20554;12124;10405;20015;10406;19021,38,0
4.58,-74.2,6070;7676;7024;9469;2107;132;13021;5809;18778;13002;6990;156;5468;5996;17303;7764;11116;11103;369;76;21758;6887,22,0
4.7,-74.06,16251;21231;14734;11000;18948;14735;21323;2095;14038;18389,10,0
4.5,-74.1,14177;6237;6625;17231;20429;3857;6086;11637;10278;10301;5609;10277;1407;5606;5483;21210;10664;10693;10302;10513;6354;13273,22,0
4.55,-74.12,14782;3804;1502;3493;633;17527;12106;18018;17459,9,0
4.57,-74.24,126;6197;9205;463;131;11852;15747;383;9989;2493;5652;5233;345;200;275;64;119;1702;10;493;109;12098;2499,23,0
4.77,-74.05,4610;14307;13650,3,0
4.72,-74.21,22076;685;3747;2930;3672;3979;3133;2935,8,0
4.66,-74.13,21208;14024;14790;6531;17082;6641,6,0
4.47,-74.12,10760;887;2528,3,0
4.56,-74.07,14047,1,0
4.53,-74.08,6861,1,0
4.29,-74.8,8241,1,0
4.64,-74.08,7715;22033;6348;15020;3459;20527;5854;7411;8049;15193,10,0
4.49,-74.12,20843;1478;11768;1494;17088;1483;3246;1513;14400,9,0
4.58,-74.22,284;8898;376;241;8325;8356;403;233;6227;4144;978;499;11518;10397;10099;3004;17035;10670;2335;12533;72;450;388;212;1753;6801;7406;8509;6232;6944;8510;20018;20445;11321;8897;6184,36,0
4.64,-74.15,16289;15975;10194;883;3115;22179;11419;726;16223;7373;4280;4264,12,0
4.74,-74.07,1768;770;1773,3,0
4.69,-74.12,19734;17075;1208;15917;20186;10217,6,0
4.61,-74.22,1051;13146;18917,3,0
4.64,-74.16,16138;16166;5104;2365;3214;16159;16334;2684;2311;2675;2353;2281;77;3377;4295;2713;3616;3625;4085;4170;1353;15360;2303;20217;7263;528;13685;503;11889;3138,30,0
5.03,-74.01,1130;1120;18872,3,0
4.64,-74.11,6279,1,0
4.51,-74.15,1676,1,0
4.9,-74.03,19860,1,0
4.71,-74.11,14925;15685;6351;13647;10765;22180;19782;680;7052;7528;4408;1346;13580;609;4485;3393;5237;8246;21262;1254;3737,21,0
4.62,-74.17,18905;1647;430;1946;8631;16127;4947;10241;2598;2817;14007;20979;4053;186;11341;18877;419;7188;4554;15140;21344;3216;12181;4164;4291;15271;2841;10976;10242;4711;1802;1700;14725,33,0
4.72,-74.07,17634;16011;575;2115;16215;15998;16824;16792;15994;16005;8643;5059;14510;14493;10437;17478;13901;6607;8139;615;13279;18386;11943;16603;2110;14502;14495,27,0
4.72,-74.1,5929;14934;6011;5926;16959;905;12631;3511;21889;3403;11632,11,0
4.56,-74.09,7566;9387;6412;6417;5431;20569;13383;13949;13458;18698;8278;6030;13031;6425;13744;13725;5874;5240;7568;12457;11821;20703;13786;18371;12382,25,0
4.51,-74.11,5274;3019;6121;5947;5803;1476;6117;9969;11557;10165;10030;3877;12568;2372;788;13024;19100;13652;9977;10065;572;5393;2363;8338;17971;5271;6872;5789;10029;5985;6873;18759;10025;2767;1709;4195;10779;11716,38,0
4.62,-74.18,18530;13740;4103;7458;13145;7455;6501;6850;10746;10417;21687;801;10418;2616;363;6536;346;4641;13551;11200;14425;4652,22,0
4.55,-74.1,5594;18818;5607;15394;21814;2808;1428;7603;5618;7277;7502;5612;15447;15396;2028;7533;7262,17,0
4.7,-74.03,6508;7618;5873;19388;14170;17403;14558;3790;18282,9,0
4.71,-74.22,18494;16015;15211;16384;17769;16361;859;15073;17154,9,0
4.74,-74.05,7614;13372;4050;257;13846;6401;14085;14675,8,0
4.6,-74.13,7598;7620;13252;15321;6672;1233;7586;7612;12922;3653;344;15202;129;21000;12795;16168;7269;6403;7694;7580;248;7577;7397;598;8954;14659;2886;16415;17842;20748;3484;17853;12596;11172;19380,35,0
4.87,-74.06,3929;17037;3934;17043;21060;8077;17029,7,0
4.6,-74.19,8365;5690;490;7517;282;243;18710;8367;221;13628;8368;17218;2243;10223;13268;10550;7550;14096;5888;7523;3109;15138;1437;20;6991;17946;11421;466;11662;12712;19760;20261;18583;1054;1989;5604;16694;16682,38,0
4.61,-74.12,16659;7824;9637;1023;1695;5616;6811;13113;6014;2108;10617;5661;13114;11009;20318;13990,16,0
4.61,-74.13,8953;4069;6219;19379;20834;19915;11914;477;9117;21649;707;482,12,0
4.73,-74.1,19929;1833;4794;15317;4465;6126;16227;6668;6661;746;14512;16729;20525;14524;2926;16543;3788;20539;10362;16287;2788;7896;7826;9659;5980;4445;13275;2807;3734;13163;15253;14504,32,0
4.66,-74.14,2123;13336,2,0
4.75,-74.04,7438;13340;14916;6066;4277;20708;3623;20876;6387;20512;5585;13329,12,0
4.72,-74.22,17320;3690;3147;3655,4,0
4.76,-74.11,8947;11195;3045;8100;16338;8099;3031;21654;3722,9,0
4.65,-74.1,8075;15974,2,0
4.76,-74.07,17477;8771,2,0
4.63,-74.16,16506;3129;471;16956;79;14947;1115;1117;7303;16709;4279,11,0
4.71,-74.21,18923;16282;13807;15051;19382;3842;3837;21791;18954;19552;18952;6287;17105;3624;16169;17541;22173;3940;3910;16102;16601;15109;3941;16027;3923;14416;15207;18982;3248,29,0
4.59,-74.11,16234;7511;7604;1014;7784;6424;1470;2219;513;11951;10413;13612;20688;13412;7948;5361;7785;2747;6427;34;7446;3995;468;14690;13619;628;646;5324;20547,29,0
4.92,-74.04,20440,1,0
4.92,-74.1,1805;3850;1982,3,0
4.64,-74.19,6961;7884;17309;13399;6826;389;6883;6888;19013;3091;14696;3086;6958;7885;17073;2947;13975;12211;16967;3093;12992;16077;12756,23,0
4.66,-74.17,7022,1,0
4.82,-74.11,19225,1,0
4.81,-74.22,16681,1,0
4.91,-74.02,1390,1,0
4.69,-74.13,2900;2806,2,0
4.56,-74.18,11882,1,0
4.68,-74.08,13648;18430;2045;6923;2368;13654;21007;2076;6928;2133;13663;6926;18789;11208;22272;1754,16,0
4.53,-74.12,9038;9037;5824;10429;5886;10607;19167;6120;5321,9,0
4.63,-74.07,18525;9427;15284;15148;7966;5927;7379;6750;2964;7967;21042;3945;6;89;6277;4060;15274;5742;18517;15870;7368;7371;15632;7402;20489;7362;4219;6764;10992,29,0
4.58,-74.13,19226;18882;8664;11182;4237;8663;21133;5429;7134;7754;7058;798;19389;3399;17030;631;4480;502;19324;11108;7399;14150;14197;19891;4631;11611;7821;4238;551;12707;13526,31,0
4.57,-74.09,13814;14804;6794;17039;7574;6943;8535;6023;15303;13270;17021;17130;12146;5263;8536;1827;5547;6878;15448;6940;22210;7152;14807;10176;13595;191;13076;14463,28,0
4.86,-74.06,19247;16355;19786;18534;902;3954;17568;17048;17052;17567;1278;3958;720;17223;16137;17182;17469;17183;516;16395;17050;3483;18775;3938;3908,25,0
4.7,-74.13,185;19884;3006;2720;9955;903;2830;9966;8273;14181;14178;18378;3922;3408;14370;14037;13651;17954;2735;19069;16346;14193;2727;3314;12944;13005;2878;2839;2789;14086;22138;14067;14610;11961;12667;13174;3896;2843;14068;15572,40,0
4.76,-74.08,15977;4935;21414;12399;4043;15110;22117;18010,8,0
4.58,-74.15,9736;6525;824;10175;3833;10519;9750;4048;6048;21346;14900;130;491,13,0
4.72,-74.09,7437;8503;3727;10255;2151;5366;3235;3592;7693;15347;15890;5565;2876;20282;2001;15275;2970;2018;847;19046;1429;1663;5494;3657;9520;3032;13358;6015;3930;14286;455;6008;7440;15787;6370;21728;20264;3104;15030;14471;16404,41,0
4.73,-74.28,17778;17779;22032;3327;18028;18111;15027;17490,8,0
4.71,-74.03,13244;16541;6519;21600,4,0
3.42,-76.56,8681,1,0
4.59,-74.09,6799;20491;6345;6106;16567;12337;14358;14488;207;532;18745;7582;15;15929;21803;10533;20019,17,0
4.79,-74.05,20069,1,0
4.96,-74.44,20964,1,0
4.82,-74.22,16703;20050,2,0
4.82,-74.1,3161,1,0
4.58,-74.25,2067;866;6725;16155;313;11503;11812;2919;7565;14467,10,0
4.73,-74.03,7597;17485;715;13366;5634;8489;7594;6186;6992;2910;1341;20777;13510,13,0
4.65,-74.05,15696;19252;5655;13880,4,0
5.02,-73.98,22045,1,0
5.09,-74.61,13226,1,0
4.7,-74.18,13933;16747,2,0
5.01,-74.48,20470;20973,2,0
4.6,-74.15,18672;1965;1161;17091;13678;15864;3396;20301;3088;11665;6116;19195;1133;3023,14,0
4.73,-74.04,14791;14788;5151;5131;7659;19250;2730;7661;7704;21763;7701;3010;14477;4692;21954,15,0
4.75,-74.02,17966;4016,2,0
4.74,-74.27,15143;1974;14992;15130;20695;14878;1200;14881;21643,9,0
4.69,-74.18,13417;19422;13420;13426;14997,5,0
4.64,-74.17,7882;14300;6636;2492;2316;2957;5986;328;1908;2882;21874;16160;301;4041;16524;6130;3629;852;13891;22176;922;10561;10032;8024;16530;1661;266;11121;4090;10031;2497;17224;226;3590;2374;2447;80;2361;2216;290;320;9453;18002;4894;227;5787;7016;8025;3002;5095;16698;11122;17178;16622;83;818;1900;74;12874;784;5188;6229;2431,63,0
4.72,-74.11,6896;925;39;13449;6688;19771,6,0
4.68,-74.13,11479;13434;5262;16140;7270;12201;14227;14302;4447;1037,10,0
4.73,-74.27,14865;21153;4841;15122,4,0
4.66,-74.08,15445;18198;15242;20941;16238;5747;974;10145,8,0
4.57,-74.15,15868;9805;9797;3357;9670;1538;5152;9982;6494;138;8111;169;2950;5003;103;14473;3121;4996;154;297;9819;21955;12010;10712;306;7187;9827;9842;9715;249;9841;4988;7126;1660;374;884;4971;2902;8112;15010;3122,41,0
4.62,-74.15,9779;4382;3050;9774;487;13094;5650;3570;12307;13364;9963;5227;5296;3090;14115;3778;18407;14742;3308;7165,20,0
4.54,-74.08,9313;20356;3763;122;20970,5,0
4.65,-74.08,9799;2081;7162;10775;19292;7506;8995,7,0
4.85,-74.05,21092;17177;16259,3,0
4.61,-74.18,6490;9506;199;4422;33;15182;4823;9505;7445;16618;11456;6468;314;7161;5617;219;19966;18878;17308;5864;8205;2640;796;13862;7447;187;19892;12232;327,29,0
4.67,-74.06,2;9699;9765;9654;10648;5130;9336;9352;10174;13615;1309;1892;9766;5522;9653;9335;8753;11153;21012;10173,20,0
4.64,-74.12,6605;6609;6612;20553,4,0
4.61,-74.23,7195,1,0
4.71,-73.97,19238;18722,2,0
7.08,-73.13,12097,1,0
4.61,-74.16,4895;16288;9678;19461;3070;15688;869;9722,8,0
4.69,-74.2,2548,1,0
4.76,-74.01,4199,1,0
4.6,-74.07,7549;7978;6245;6032;8560;9109;14888;17084;6415;5118;12182;6002;8801;6774;20294;12509;12676,17,0
4.59,-74.14,7125;4977;4338;12415;4522;18168;21374;21366;6921;526;18080;16981;16947;10766;15683;19217;8146;3334;973;307;4331;4342;7762,23,0
4.67,-74.11,3967;1072;1123;7532;7398;787;14691;19521;12372;14516;4194;4541;19827,13,0
4.78,-74.32,15678,1,0
5.02,-74,21342;1304;1305;4518;20850;3785,6,0
5.19,-73.15,6638,1,0
4.91,-73.94,2666,1,0
4.53,-74.16,16142,1,0
4.7,-74.2,2836,1,0
4.57,-74.17,7692;7688;6477;13416;6831;4870;12652;17214;10102;10085;10101;10086;19654;19655;6899;4059;196;6343;6359;12978;13409;16010;12688;10077;10319;15114;14443;10078,28,0
4.61,-74.19,17931;324;1883;19888;5399;8950;448;17626;264;14060;5007;262;692;6223;3302;4691;9741;15155;13681;50;4525;17489;17198,23,0
4.59,-74.12,2261;6065;4682;7654;18893;4922;7265;8292;7257;7664;8609;20586;998;495,14,0
4.96,-73.92,19727;18780;20091;18791;18772,5,0
4.59,-74.21,6901;8824;8042;8823;1613;8043;7204;566;7684,9,0
4.58,-74.11,6079;3253;2330;7290;16165;8763;20513;5671;6208;18690;14183;6034;7476;7400;281;6647;15397;6018;6029;5993;809;21328,22,0
4.64,-74.2,10087;9095;206;7124;1763;1779;10088;6524;13088;13111;16714;4782,12,0
4.57,-74.16,16001;8700;15380;6565;420;15609;19366;642;10181;10343;10344;6566;6137;5911;13306;449;1452;12462;13587;12647;12987;10753,22,0
4.51,-74.12,6809;1843;14180;6666;21830;13626;1649;5428;5444;13019;12920;4273,12,0
4.72,-74.12,3140;7738;7454;7450;7466;10364;12588;14708;18029;10363;2825;6001;11011;3583;7473;6506;555;11674;16124;173;98;588;4247,23,0
4.62,-74.07,13682;19169;21420;9902;7997;11787;7996;1050;19312;20495;8002;2907;16569;20302;22112;2392;3749;19545;12422,19,0
4.65,-74.17,2721;2214;17117;20148;10516;10515;1912;2445;22038;6429;11048;13225;11349;2737;9285,15,0
4.57,-74.22,5290;110;435;4467;8192;8513;8191;6897;8265;317;14894;14896;985;14542;5247;17488,16,0
4.77,-74.02,4249;4220;15550;1187,4,0
4.8,-74.11,17721;20236;20216;17825,4,0
4.73,-74.12,13327;997;19048;21186;6390;979,6,0
4.71,-74.23,20197;691;14540;766;14472;17958;21002;14535;20775,9,0
5.03,-73.99,19673;1104;21510;1287;1370;20753;1093;18528,8,0
4.81,-74.21,3180,1,0
4.64,-74.1,19406;15307;7572;12632;13714;7481;20354;7419;7781;10496;773;7780,12,0
4.65,-74.16,2410;2276;6977;14134;2260;354;1088;9248;9247;16610,10,0
4.56,-74.23,105;106;9209;15737;7617;14762,6,0
4.77,-74.03,172;1024;7297;7267;20679;14369;18895;5831;14348;19809,10,0
4.53,-74.09,6752;5348;1766;6963;17645;54;17016;616;293;12882;400;5460;5695;10637;13581;780,16,0
4.75,-74.07,2412;18316;10231;13871;13870;10232,6,0
4.5,-74.09,5293;5319,2,0
4.76,-74.38,21809,1,0
4.48,-74.12,2641,1,0
4.94,-74.02,1781;1594,2,0
4.62,-74.16,9058;829;3663;9751;17371;3900;9057;3600;20607;12015;10433;15222;6299;3131;3604;3897;4233;10110;3586;3733;4677;13558;3725;12586;620;20536;11704,27,0
4.74,-74.12,13680;2840;2959;21229;7191;7518;13676;10538;3307;8957;4661;17531;13469;3087;6806;2465;15670;18437;18250;4675;17381;10339;3132;18454;14464;12453;12548,27,0
4.67,-74.07,6691;17730;8942;2065;9375;9442;9397;21820;18947;8941;13627;16680;10591;15078;3615;1206;14494;7160;13675;7120;9376;7390;9371;4858;7643;3935;9450;13683;9337;4354;1299;13197;9441;5403;20528;13562;632;20521;20534;3580;9449,41,0
4.6,-74.16,2269;10469;13784;9504;8499;10470;874;21646;3331;11846;4116;20733;10552,13,0
4.65,-74.07,18268;16642;20251;20503;7264;2007;6505;6149;2185;1227;7245;7254;7259;6493;20396;7814;9411;22171;13575;6784;12952;375;647,23,0
4.75,-74.12,2504;13164;8037;2487;3351;9913;21890;15633;3048;8032;17475;17844;14456;14450;2710;6805;14430;13963;15753;15893;13406;10650;4357;2547;15681;3008;2394;16507;3422;3736;15220;711;14454;16107;2544;14439;4371;14466;10092,39,0
4.72,-74.06,7500;7463;7268;3827;9021;11485;5295;2106;17443;14190;15297;3801;13397;3488;901;16581;21036;11701;3831;2015;14981;20564;19676;3432;16774;1323;3803;6573;18830;21357;3068;12046;3677;11402;3834;5312;20930,37,0
4.59,-74.16,9645;9553;17675;6862;8655;991;6437;9639;2235;12514;6365;13909;536;6434;9640;399;5518;4678;3627;4941;289;201;1418,23,0
4.61,-74.07,8544;15359;20471;10642;851;11043;20897;12875;20164;7629;8016;713;379,13,0
4.58,-74.07,6804;6514;9446;5479;13923;5236;7554;5326;9714;5313,10,0
4.63,-74.15,3841;3066;10717;18479;13445;12800;14013;11983;13545;5957;5977;4353;2860;12040;11921;11310,16,0
4.65,-74.15,7311;7331;16350;2966;18000;9663;7328;10714;6019,9,0
4.75,-74.05,13743;6024;7682;16317;19705;14780;13753;623;10749;10083;10098;17823;21670;4443;9680;6326;4364;6539;13362;3249;20914;20543;14452;1397;20551,25,0
4.68,-74.14,4255;7087;5503;12580;4087;3056;14436;5256;2780;15578;2180;7250;5582;13692;21404;6339;2009;13148;13939;4586,20,0
4.74,-74.02,7673;14058;18587;5033;21663,5,0
4.57,-74.21,9843;298;18309;7096;6103;15315;12717;11736;145;15403,10,0
4.68,-74.11,13902;3754;4107;20045;1297;3710;20410;4918;13926;14026;17185;19836,12,0
5.03,-73.98,19812;20878;1102,3,0
4.71,-74.07,949;15982;13787;6810;3103;458,6,0
5.01,-74.47,20582;21410;81;20068;20079;11062;20323;21389;20319,9,0
4.85,-74.26,19376;11032;15989;18800;18798,5,0
4.89,-74.03,18979,1,0
4.73,-74.02,6663;13310;11099;6156;17687;6628;14995;14998,8,0
4.86,-74.05,19280;20673;16131,3,0
4.49,-74.1,16148;1566;99;4784;9445;25;1569;10653;1571;749;3052;1563,12,0
4.74,-74.34,18249;2688,2,0
4.59,-74.1,18936;7461;7567;6681;6581;7652;7456;21979;6379;7706;16030;10384;6205;19831;6110;7334;7339;7672;7689;7330;20406;5891;7086;6385;2958;10383;10276;21747;10275;5082;6709;16724;14606,33,0
4.61,-74.11,14784;14299;1415;7412;7408;7099;7451;7442;2586;7433;10354;14448;21310;7985;7403;6058;13328;15555;1444;3363;1382;1980;14468;20776,24,0
4.73,-74.09,7503;13659;14792;7457;933;4508;14301;15629;6080;7700;7539;20576;7616;6983;15626;5571;4577;10135;6148;20560;20466;18330;3026;2845;3022;2940;10871;7465;4464;4461;5447;18506;15993;3371;15869;20423;5420;4760;3021;2960;1639;15922;20556;18769;12507;14413;16717;3854;15049;3724;19394,51,0
4.76,-74.05,6416;6644;6180;6162;18512;17078;20257;13377;14311,9,0
4.58,-74.16,9919;890;7847;9672;4132;19527;842;10153;873;736;9711;9935;365;4979;13961;1530;11531;12983;15643,19,0
4.56,-74.14,147;5651;4690;9967;337;390;13700;5037;294;13705;3184;14028;13925;404;6840;21413;13614;23;453;22270;12061;4714;10225;2622;370;9915;14018,27,0
4.75,-74.11,14198;19731;18935;3904;2589;3960;4089;16170;9022;14179;17863;7581;3065;13946;17860;17828;15884;595;19735;14194;15858;17754;10091;2892;6997;4341;13501;18881;17763;20514;14787;13095;14174;3343;2998;3963;17857;10393;3348;16924;3824;3835;3773;13162;3097;10394;2988,47,0
4.58,-74.09,9061;14316;19135;2304;5950;695;1622;12057;134;2105;14186;13352;13030;6006;16521,15,0
4.68,-74.15,18946;13571;5297;8669;13621;5558;20545;14088;10033;17808;9740;16788;5101;6619;7233;8542;12587;2196;5779;21496;13709;9739;8541;2194;13564;16387;18968;84;17124;2858;107,31,0
4.72,-74.04,6829;7443;20392;959;16750;7707;7760;5401;6530;17409;14367,11,0
4.62,-74.12,6298;12545;9729;7537;7527;5710;9707;538;4542;511;5889;6860;13026;1063;5953;9708;13067;4333;5153;16525;21629;14032;13083;474;7530;19539,26,0
4.72,-74.13,9474;4632;16265;1527;1201;4582;11896;11888;19986;4688;808;3049;19695;21035;11720;11695;12629;12070,18,0
4.56,-74.13,7763;6751;5928;3830;8445;326;11954;3470;2473;3473;4203;16303;16002;2085;3686;849;11394;14343;3682;5138;705;12236,22,0
4.75,-74.09,13169;763;15393;732;4055;12119;5317;799;4244;4029;4057;4038;12114;13865;12270;561;20693;17217,18,0
4.51,-74.1,5981;5805;1749;10371;7042;1914;10372;21781;13967,9,0
4.58,-74.23,16269;8316;6867;71;17150;323;8315,7,0
4.59,-74.07,19804;5253;5190;6601;7131;20829;501;6815;1015;1307;1458;6213;6812;2568;1145;18351,16,0
4.49,-74.11,1572;11780;16755;11777;19026;2061;1484;19295;1520;18007,10,0
4.55,-75.66,5517,1,0
4.47,-74.13,2534;6165,2,0
4.79,-74.34,20529;15950,2,0
4.67,-74.01,21015,1,0
4.65,-74.09,15426;7680;11658;8682;19354;18461;19365;7531;22129;2745,10,0
4.59,-74.19,6744;1994;8330;5863;2070;7108;356;12822;6582;1537;6832;8329;13102;18463;10511;10483;10321;112;5999;17258;6847;7651;1813;17833;14449;699;5254;19596;17120,29,0
4.62,-74.13,970;20500;2962;4477;19643;11115;4458;12174;21543;20082;19779;8387;19889;11140;12907;10783;175;3310;11148;12581;5771;10759;37;21302;4547,25,0
4.64,-74.18,250;443;16509;19491;4887;4193;6730;6739;21887;21245;6653;9228;19546;4190;2899,15,0
4.52,-74.11,5801;5797;2378;10058;17058,5,0
4.71,-74.2,6133;3741;14529;15048;3730;3735;19677;14810;3602;10501,10,0
6.2,-75.58,11412,1,0
4.76,-74.09,9502;21990;21985;4044;4047;19713;16484;4061;4082;15124,10,0
4.55,-74.41,21766,1,0
4.67,-74.16,650;7296,2,0
4.71,-74.08,20304,1,0
4.72,-74.23,16446;13333;16020;16456;1174;16782;16018;3917;701;19526;19670;16219;16445;16454;16448;1281;14385;20081,18,0
4.59,-74.18,18531;9749;20405;20414;13761;531;16953;14712;10652;8230;12125;16960;10377;9527;7067;6807;10378;13490;14596;1870;10038;2342;6182,23,0
4.55,-74.09,13317;7166;9557;2968;6841;6207;6191;14897;13703;5392;14802;5872;6616;6802;6795;11937;13301;3873;14617;3714;15118;2386;6973;18385;7964;6613;5793;6741;14814;5598;5897;826;5887;5035;11979;14132;12215;12234;12222;12464,40,0
4.74,-74.09,15465;19201;5820;3621;4294;4292;1822;6418;1686;139;10281;10425;872;10423;11957;5310;5666;17166;18421;5673;5937;18183;15676;13759;6467;17089;17765;5924;5111;2773;20606;10424;14971;14607;693;3108;22148,37,0
4.66,-74.07,6748;5791;6099;9405;7179;7213;19224;7625;15453;6406;21974;21121;1339;2687;9331;6331;20972;20520;21966;915;12725;12259;372;12925;2513;17596;5772;907;4435;5668;7642;6341;5804;9933;7168;7174;6816;585;9065;2973;11275;18362;20875;14564;11667;2563;11193;5119,48,0
4.68,-74.09,9753;13640;17103;6485;5300;636;14872;21843;7705;9748;5433;5303;6404;524;12812;5307;1419;9726;155;9747;8849;4774;8850;2576;75;19717;7215;467;8243;2062;11454;12244;21300;17012;12254;10757;929;11818,38,0
4.63,-74.14,19258;3671;4594;20567;16730;10167;1066;18944;2010;3372;5017,11,0
4.61,-74.2,422;1834;5767;1524;8593;6596;13656;319;8594;135;1065;3990;12530;3984;6720;17457;15921;10903;13593;910;6147;19906;2057;329;216;1356;1107;331;339;580;214;13737;1855;384;6584;914;304;18984;21927;20636;13605;14398;62;124;12762;6491;20660;15946;1621,49,0
4.52,-74.12,5408;12578;5757;6652;5314;5282;5909;5781;10360;10830;20720;14593;10359;11652;6438;2982;17480;704;5914;8890;5570;823;5792;1351;13653;5467;5913;5800;5210;5765;12999;6699;10831;12308;11822;8289;1876,37,0
4.62,-74.11,506;19235;2366;7392;7413;7990;7395;1071;811;12379;11573;12898;1759;14928;7660;6986;13008;7655;20510;7460;6993;10543;7472;19438;10544;17800;20622,27,0
4.63,-74.13,9862;15463;14613;6716;1999;4407;1588;9608;2278;14701;5020;10705,12,0
4.58,-74.18,15186;11895;3821;2147;2002;4700;5113;15645,8,0
4.67,-74.12,2320;5660;5653;20154;14994;16029;14562;18387;15007;13795;8741;7793;13157;15036;1757;13165;15201;14563;12141,19,0
4.72,-74.03,7322;7318;22305;21957;21958;816;6521;6969;7647;7669;21799,11,0
4.72,-73.97,19318;19314;21682;21075;14954;21065;13767;658;21059,9,0
5.04,-73.99,21154,1,0
4.64,-74.05,21442,1,0
4.63,-74.1,9428,1,0
4.88,-73.94,21030,1,0
4.82,-74.36,13496;20601;6260;20602,4,0
4.67,-74.04,4626,1,0
4.56,-74.21,4136;7295;14868;1030,4,0
4.68,-74.06,6848;13440;15541;15608;906;17202;13446;6898;13401;17068;13443;20856;4200;16745;4092;11096;716,17,0
4.74,-74.35,18257,1,0
5,-74.47,21768;20610,2,0
4.96,-73.93,2012,1,0
4.57,-74.07,6009;6526;1789,3,0
4.75,-74.03,17423;5040,2,0
4.73,-74.18,11729,1,0
4.63,-74.17,15631;13662;16342;5902;8840;9159;4439;13666;4659;16348;392;5918;9633;273;18674;120;16336;5567;421;125;3136;3680;11792;18688;16078;12630;10623;14729;12738;11891;15218;4028;4128;16196;16023;8279;426;602;2838;8733;4254;397;2848;19234;15179;8839;5061;12929;492;927;16711;16719;15571;12338;10353;4217;65;4225;5404;18382;20086;18393;18443,63,0
4.56,-74.15,9973;13343;7905;9974;114;1857;14796;1521;299;13305;4015;675;4705;4470;168;5982;6217;10989;16821;5005;9907;9798;454;13322;6818;1683;13017;8665;7595;4881;10697;7904,32,0
4.67,-74.15,8379;2187;871;718;13277;2190;7570;14294;21352;20568;7453;17784;2451;7410;11910;604;14081;10234;14079;17126;10233;5489;127;4460;7271;9665;4484;4699;6093;521;7246;15334;10499;18676;10139;12329;11229,37,0
4.63,-74.18,322;5309;14927;18647;6782;7448;5329;4559;9227;17206;15254;10041;13857;13611;347;4112;4493;6792;6533;7864;6634;7865;14374;437;7756;15187;8647;4490;2739;7294;5084;3402;16249;22286;13712;16793;1785;16068;4495;2287;15765;10042,42,0
4.71,-74.02,18237;2889,2,0
4.73,-74.13,5876,1,0
4.61,-74.09,18226;18047;7367;3947;5434;18706;644;3275;2545;16937;12281;13884;11226;1750;21005;14080;18308;20609;8686;7345;19254;1643;2453;115;848;18565,26,0
4.62,-74.14,9939;5935;5923;5323;6347;3926;332;20759;7034;6576;2987;3167;3040;3987;3642,15,0
4.76,-74.04,2322;12885;9355;4084;674;21635;7394;10006;7258;7316;21381;7252;7287;7391;10576;10507;10005;12665,18,0
4.57,-74.18,5493;15495;6913;7634;1474;6375;5465;16362;457;987;10253;5422;5566;7136;5397;10263;5610;7910;14517;10264;10254;5603,22,0
4.85,-74.27,19050;16007;659;18975;18683;21610;21950,7,0
4.71,-74.14,15108;11698;100;21085;14313;14325;1372;15129;15123;3078;20666;13942;13937;11357;3375;3089;3354;7663;15457;4131;14310;18673;3081;14469;3223;6535;14619;16428;14462;11060;13928;1237;3102;3444;13178;13182,36,0
4.69,-74.06,20842;13450;13547;17174;20089;975;16505;8157;16129;559;20588;17247;16079;20363;7405;13543;20814;17170;18415;6482;8158;16080,22,0
4.7,-74.21,15262;14410,2,0
4.99,-73.87,19392;20468,2,0
4.67,-74.02,804;16814;14184;786;4343;2384;14962;15079,8,0
4.65,-74.14,6798;10835;16272;16271;224;4501;9135;2478;12196;4030;22167;734;8242;19222;18865;2270;16242;11604;7341;496;6159;385;1682;15364;2046;4135;10720;12799;1279,29,0
4.76,-74.1,4486;4322;19768;3392;16627;9341;486;14740;4389;19998;13952;18012;13086;19874,14,0
4.54,-74.13,16708,1,0
4.67,-74.09,2192;611;21271;14543;20125,5,0
4.56,-74.19,7585;838;15462;15467,4,0
4.52,-74.24,4276,1,0
4.5,-74.26,17551;540,2,0
5.01,-73.87,2354,1,0
4.75,-74.1,16347;16262;850;18805;8516;6503;8060;14440;564;1218;11649;13671;4077;8061;12955;8261;4488;16254;19873;12019;13927;2819;21733,23,0
4.65,-74.18,8046;1723;5869;13323;2732;14528;15314;295;335;2323;291;18121,12,0
4.61,-74.15,4529;19729;251;20426;4080;14406;3490;13398;15667;752;1057;855,12,0
4.68,-74.1,16232;13278;6721;16013;6723;88;12936;1807;20896;22161;10168;12398;15610;10808;698;13287;2055;18996;15992;14317;652;9523;6777;1644;14957;2954;21320;16765;12332;19594;18992,31,0
4.57,-74.13,18504;7122;15350;11415;5140;815;16211;3485;19617;14975;12023;776;13307;5990;19551;18999;3942;18777;11629;15037;18770;10651,22,0
4.66,-74.06,17402;17400;15341;7786;4365;6153;16798;7526;18828;7381;11467;5259;14985;1079;2746;10702;6996;7583;7766;4261;14199;6322;6329;8488;7377;7153;8889;6614;5994;6092;16741;5427;5189;19916,34,0
4.49,-74.26,593;11659,2,0
4.6,-74.12,16872;712;1848;8604;166;6078;170;5697;6101;7710;4115;16375;11397;12095;10505;3789;13360;13677;150;9059;5945;10570;7573;20828;18972;15745;16966;15959,28,0
4.54,-74.14,13355;6408;5894;12101;694;3456;500;6308;12107;10047;16105;1533;21647;794;13180;5391;6240;6413;483;19145;5940;1284;1213;12438;5905;10048;10407;20940,28,0
4.7,-74.04,7238;6462;6160;6776;20338;17680;11344;21588;20523;7127;539;15165;20208;20246;12851;13534;2894;1627;5453,19,0
4.54,-74.17,2426;11885;16266;13747;590;19306,6,0
4.62,-74.21,4494;1879;18164;16598;16608;16705;6895;229;7623;15857;2868;1505;123;1780,14,0
4.57,-74.14,10095;91;14614;10096;10107;17420;20397;14707;14702;542;10708;10108,12,0
4.74,-74.25,15064,1,0
4.53,-74.15,19257;607;1113;14842;2169;22297;13038;15096;12623,9,0
4.66,-74.05,5591;19316;17994;305;5351;6307;2315;21306;14600;13309;9742,11,0
4.57,-74.23,13741;4469;4351;2058;14629;49;2657;141;92;12000;8326;330;1963;1443;13535,15,0
4.64,-74.06,4890;21463;8500;3477;3472;662;16193;6978;18263;21447;19953;1734;5744;16607;4566;5154;10322;16528,18,0
4.94,-73.96,18532,1,0
5,-74.34,19714;17548;17533;17524;17566,5,0
4.7,-74.09,1277;5972;612;11363;14594;6629;20507;5019;1275;9921;12032,11,0
4.7,-74.05,17788;21725;14589;2101;7469;14069;20631;8295;12421;19268;14318;17780;22184;12144;21784;3594,16,0
4.93,-74.02,4570,1,0
4.84,-74.08,2524;2537,2,0
4.64,-74.09,5336;18608,2,0
4.57,-74.1,459;7253;2336;9667;9370;6342;12123;12288;9361;15320;13702;3918;5838;5417;15991;17581;13754;5988;3809;12704;14660;12110;13554;12092,24,0
4.58,-74.08,19794;15309;6732;17760;3411;5553;553;17132;5572;7104;12991;5631;17389;8455;22029;8559;181;5563;4619;15548;7093;610,22,0
4.68,-74.17,7286;5145;7282;13878,4,0
4.98,-74.31,19459,1,0
5.02,-73.99,18820;20862;1101;769;19893,5,0
4.8,-74.34,15694,1,0
4.72,-74.08,3476;14895;12902;2604,4,0
4.74,-74.28,771;18022,2,0
4.92,-74.02,17636;2515;19352;2289;16224;21776;21982;16203;1790,9,0
4.6,-74.18,14809;13686;13691;17041;9517;22058;87;11869;12510;202;21796;4768;10007;21544;4008;15083,16,0
4.74,-74.04,7509;7514;16267;20432;16654;6441;10556;14113;6226;7467;10555;527;13436;6218;7452;6432;6851;6623;6054;16256;18708;13410;20583;13368;6885;12674;14006;17887;17816;21727;16418;19536;19218,33,0
4.61,-74.14,16153;16320;2390;2985;3322;3665;2810;3230;18167;3134;8960;13576;3110;3034;9728;3186;13797;18034;247;9727;14277;7348;6718;13342;3318;13203;2997;18343;3175,29,0
4.62,-74.2,19214;11473;11881;12986;17417;18264;4855;11498;1525;13281;657;1543;8126;1837;38;20188;1009;8340;4863;1034;197;17293;20403;15490;875;8;17758;4114;13460;6664;19641;11502;10569;14470;158;544;4609;828,38,0
4.56,-74.08,7217;21202;20627;14287;1392;5656,6,0
4.55,-74.15,18262;8269;5865;11244;11816;12094;6169;10205;4777;10182;476;12896;3950;5790;10008;10206;14446;442;5834;947;13332;8571;3295;5826;14586;1310;10187;3946;17;15763,30,0
4.55,-74.11,6597;15366;6602;629;9272;9271;9259;13361;310;5146;4281;15013;11911;8129;11840;16014;6589;6423;12512;5922;3748;9267;11864;6606;15773;17191;1818,27,0
4.69,-74.16,2300;15363;5316;5133;3855;11188;12159;2111;22079;2462;14509;4585,12,0
4.59,-74.13,19803;7666;5763;4764;4990;853;7730;5372;17921;7559;4703;779;4483,13,0
4.56,-74.24,95;5342;5480;349;353;108;351;830;972,9,0
4.62,-74.1,789;15023;14284;13745;15086;7304,6,0
4.55,-74.08,19163;1144;16502;10973;20310;11978;709,7,0
4.71,-74.13,2719;2971;3015;4717;93;2744;696;3144;16377;20537;14636;13295;768;11836;3913;9925;10676;18142;7703;6292;2718;498;7613;7686;6800;3417;3038;3139;1369;2833;22139;20969;17840;14451;10628,35,0
4.59,-74.2,9724;16449;6756;5642;9249;8297;94;8357;386;7596;1677;4596;10481;1635;16686;13885;1343;21255;8287;9723;6660;8358;7385;223;9250;9887;10067;1049;10482;11558;7332;6734;360;8276;17199,35,0
4.86,-74.07,17383,1,0
4.63,-74.09,7742;5445;17624;7588;8703;12054;7657;21996;4851;7358,10,0
4.54,-74.12,7751;13115;2025;15935;17667;6737;14615;13488;4998;15223,10,0
4.6,-74.09,12903;5367;7619;14561;14055;20711;7491;7349;14520;1555;10539;14508;12892;111;7575;21696,16,0
4.69,-74.03,5219;7201;14560,3,0
4.93,-74.17,18702;19208;20065;16791;1289;17207;18700;20064;19286;22281;20076,11,0
4.91,-74.1,21156;20407;20415;20422,4,0
4.69,-74.17,1607;7979;13441;5006;7878;13613;13560;19442;7197;7205;7210;2064;22065;13448;13387;2054;1485,17,0
4.7,-74.07,16167;13783;20652;13763;20330;20329;20290;13776,8,0
4.71,-74.04,15296;16300,2,0
4.99,-73.88,21949,1,0
4.68,-74.04,6327;11907;12570;4969;5659;7039;21100;2637;21699;3648,10,0
4.67,-74.14,8321;5440;15699;11946;5171;236;20915;20530;1215;4558;8007;12863;4569;6138;1175;4404;5844;18661;7244;8717;10500;21586;11508;20923,24,0
4.91,-74.42,20949,1,0
4.7,-74.12,1162;2854;16322;2509;2321;8876;15885;1342;15581;5369;9239;4006;2762;8553;13215;3701;640;1333;14020;14373;2768;121;14027;3750,24,0
4.5,-74.12,11841;2514;7510;19320;1480;11171;1824;11154;6886;10716,10,0
4.6,-74.14,3005;3989;13588;6665;22214;10600;3000;2449;1778;3030;3366;12625;7100;300;6791;2432;14453;4271;2779;20508;2758;4752;3153;10599,24,0
4.53,-74.14,5331,1,0
4.96,-73.94,19360,1,0
4.53,-74.24,342,1,0
4.73,-74.07,20768,1,0
4.82,-74.35,15797,1,0
4.71,-74.24,21931,1,0
5.02,-73.97,3777,1,0
5.04,-73.96,21755,1,0
4.87,-74.07,21043,1,0
4.69,-74.1,19098;9269;9283;19267;8778;8777;5413;5964;9273;9293;4134;5932;6869;3433;13781;9507;13357;9393;10369;10370;683;10459;3001;9270;9261;9360;9262;9359;9365;17964;5407;14841;3383;7274;1641;7534;13456;13106;9366;10460;13472;19040;14618;14626;11345;9413;11150;14364;1940,49,0
4.63,-74.06,15899;20635;16634;16633;7600;5199,6,0
4.71,-74.1,6458;6281;4078;9725;8788;9661;13300;9985;5155;6097;4248;9986;15990;6685;5092;5058;8787;14378;18084;858;13881;722;6230;14368;5244;9641;6175;6072;17574;14929;20841;1251;8101;9824;5261;605;4275;1554;18457;19683;21653;19843;4567;5148;4079;10443;10444;2420,48,0
4.64,-74.13,6003;10350;13590,3,0
4.59,-74.22,11501;17663;407;1605;497;4227;436;11104;11972;5704;6450;11100;1604;1317;183,15,0
4.65,-74.12,10349;14489;22285;19833;16179;18356,6,0
4.6,-74.2,9874;15356;9305;391;394;9885;11791;10685;893;5906;8275;8719;9867;13100;4308;4575;239;401;2407;333;9868;9873;402;90;1618;17210;12433;364,28,0
4.58,-74.12,8707;8175;976;13749;195;6673;472;2635;4965;4984;6158;12315;8173;11613;20049;11733;12793;4966;627;4242;18687;148;934;5414;8708;242;8174;6405;12954;14993;14417;5843;7370;11713;18839,35,0
4.67,-74.05,6696;13123;7501;4065;16712;18434;3035;5602;7044;12899;5241,11,0
4.7,-74.08,18241;19737;13751;2983;14611;20961;19370;14604;1236;20881;15941;14616;1043,13,0
4.75,-74.08,9257;13752;1283;4528;19757;4290;21960,7,0
4.98,-74.29,17387;17463;19231;17397,4,0
4.82,-75.73,6633,1,0
4.76,-74.06,19371,1,0
4.71,-74.06,19922;8430;16482;13758;15724;14515;3884;3881;3844;3894;3970;16299;1083;3891;8429;2977;14747;3774,18,0
4.66,-74.1,20007;7529,2,0
4.58,-74.19,473;8431;10293;10294;5555;8432;4267;14935;15621;4355;5443;1862;367;18027;46;12026;12,17,0
4.68,-74.05,1680;16483;9673;7484;9216;9321;6905;11685;21028;21713;6198;12404;3563;6157;15351;9676;8906;7608;18133;16426;12363;1568;10351;12426;12628;11973;4639;7675;10471,29,0
4.61,-74.21,42;387;13186;18691;18399;13687;410;6122;6578;52;19460;1873;1888;1685;957;2507,16,0
4.87,-74.04,3883,1,0
4.87,-74.05,3461;16152;3267,3,0
4.96,-74.29,17491,1,0
4.45,-74.14,835,1,0
4.86,-74.14,19553,1,0
